rps,duration,test_title,iterations,avg_total_requests,std_total_requests,min_total_requests,max_total_requests,avg_min,std_min,min_min,max_min,avg_max,std_max,min_max,max_max,avg_average,std_average,min_average,max_average,avg_median,std_median,min_median,max_median,avg_p95,std_p95,min_p95,max_p95,avg_p99,std_p99,min_p99,max_p99,avg_throughput_rps,std_throughput_rps,min_throughput_rps,max_throughput_rps,total_requests,min,max,average,median,p95,p99,throughput_rps
20,60,fibonacci_go_a2,3,1199.6666666666667,0.5773502691896258,1199,1200,4265.0,184.76200908195386,4148,4478,279591.0,38825.78126709107,237496,313997,12008.236027013254,1514.3890632003438,10317.325833333334,13239.685,6229.5,119.03465881834585,6136.0,6363.5,43129.099999999984,9605.321088984987,36479.44999999999,54141.49999999997,144552.79666666663,11913.962609645541,137527.19999999998,158308.7999999999,19.993333333333336,0.01154700538379227,19.98,20.0,1199.6666666666667,4265.0,279591.0,12008.236027013254,6229.5,43129.099999999984,144552.79666666663,19.993333333333336
40,60,fibonacci_go_a2,3,1889.6666666666667,37.978063843926186,1846,1915,4552.666666666667,209.33784496199758,4366,4779,17299623.666666668,4486088.988162889,12121143,20000658,6500657.997816901,612666.3342988365,5885571.758909853,7110875.407908993,6781456.833333333,1044714.3591666975,5837056.5,7903664.0,11949288.1,902607.3448412477,11258088.8,12970448.75,12490639.033333333,1028313.7004434981,11875404.28,13677769.75,31.493333333333336,0.6379132647416365,30.76,31.92,1889.6666666666667,4552.666666666667,17299623.666666668,6500657.997816901,6781456.833333333,11949288.1,12490639.033333333,31.493333333333336
