rps,duration,test_title,iterations,avg_total_requests,std_total_requests,min_total_requests,max_total_requests,avg_min,std_min,min_min,max_min,avg_max,std_max,min_max,max_max,avg_average,std_average,min_average,max_average,avg_median,std_median,min_median,max_median,avg_p95,std_p95,min_p95,max_p95,avg_p99,std_p99,min_p99,max_p99,avg_throughput_rps,std_throughput_rps,min_throughput_rps,max_throughput_rps,total_requests,min,max,average,median,p95,p99,throughput_rps
20,60,fibonacci_nodejs_a1,3,1200.0,0.0,1200,1200,4917.0,202.94580557380337,4739,5138,325561.3333333333,155563.02270891157,154649,458888,14675.005555555554,5215.079590168552,10690.836666666666,20577.57,7061.0,176.08733628515142,6949.5,7264.0,58599.49999999999,45432.780436624176,19298.949999999986,108345.25,174619.37999999998,79829.16491407322,99887.31999999999,258719.06999999998,20.0,0.0,20.0,20.0,1200.0,4917.0,325561.3333333333,14675.005555555554,7061.0,58599.49999999999,174619.37999999998,20.0
40,60,fibonacci_nodejs_a1,3,1965.6666666666667,85.00784277543652,1880,2050,10667.0,8024.914392066747,5208,19881,10902837.666666666,2116623.0245788535,8808191,13040773,5483131.593450191,927617.161144243,4520149.32,6370790.741489362,5723012.333333333,1177723.5840932003,4561729.0,6916515.0,10295914.75,2165783.7151964814,8076376.149999999,12403609.6,10762986.25,2106426.2851840463,8683492.23,12895349.46,32.76,1.4201056298740615,31.33,34.17,1965.6666666666667,10667.0,10902837.666666666,5483131.593450191,5723012.333333333,10295914.75,10762986.25,32.76
