min,max,average,median,p95,p99,std,target_rps,throughput_rps,total_requests,filename
5138,458888,20577.57,7264.0,108345.25,258719.06999999998,49922.57701087522,20.0,20.0,1200,target_rps20.00_iter01_rps20.00_lat.csv
4874,154649,10690.836666666666,6949.5,48154.29999999999,99887.31999999999,16175.859923818234,20.0,20.0,1200,target_rps20.00_iter02_rps20.00_lat.csv
4739,363147,12756.61,6969.5,19298.949999999986,165251.74999999997,29302.009555254626,20.0,20.0,1200,target_rps20.00_iter03_rps20.00_lat.csv
19881,10859549,5558454.71886121,5690793.0,10407758.5,10710117.06,3091794.042354929,40.0,32.78,1967,target_rps40.00_iter01_rps32.78_lat.csv
5208,8808191,4520149.32,4561729.0,8076376.149999999,8683492.23,2436631.1704623117,40.0,34.17,2050,target_rps40.00_iter02_rps34.17_lat.csv
6912,13040773,6370790.741489362,6916515.0,12403609.6,12895349.46,4059565.045339675,40.0,31.33,1880,target_rps40.00_iter03_rps31.33_lat.csv
