min,max,average,median,p95,p99,std,target_rps,throughput_rps,total_requests,filename
5300,418270,19922.260833333334,7077.0,112869.84999999999,262747.02,47761.72850760812,20.0,20.0,1200,target_rps20.00_iter01_rps20.00_lat.csv
4647,270754,8468.154166666667,6637.0,15205.099999999988,34223.85999999968,12983.990703185184,20.0,20.0,1200,target_rps20.00_iter02_rps20.00_lat.csv
4671,247929,12162.880833333333,6668.0,47620.599999999984,150295.77,24027.033448284164,20.0,20.0,1200,target_rps20.00_iter03_rps20.00_lat.csv
5548,10233676,4958663.222334004,4375650.0,9267861.749999998,9933467.05,2749985.990521402,40.0,33.13,1988,target_rps40.00_iter01_rps33.13_lat.csv
5457,14922578,8829111.611907387,8699690.0,14676943.2,14849307.1,4381189.901145609,40.0,30.23,1814,target_rps40.00_iter02_rps30.23_lat.csv
5359,11526394,4846343.603612645,4623349.0,9728394.0,10152946.44,2965567.8459157315,40.0,33.22,1993,target_rps40.00_iter03_rps33.22_lat.csv
