min,max,average,median,p95,p99,std,target_rps,throughput_rps,total_requests,filename
4397,401899,13386.6825,6799.5,46596.89999999994,198010.49999999997,33233.752407430016,20.0,20.0,1200,target_rps20.00_iter01_rps20.00_lat.csv
4196,342735,12434.645833333334,6708.0,38893.99999999999,188531.33999999997,28376.544449164336,20.0,20.0,1200,target_rps20.00_iter02_rps20.00_lat.csv
4407,546840,14954.865833333333,6600.0,23839.799999999934,252517.09999999957,48182.33010737615,20.0,20.0,1200,target_rps20.00_iter03_rps20.00_lat.csv
5584,13058325,5111160.740070387,5510641.0,9932214.2,10234007.879999999,3096799.167798151,40.0,33.15,1989,target_rps40.00_iter01_rps33.15_lat.csv
5353,9855534,4261198.4218127495,3669551.5,8955269.6,9786103.21,2829541.027955552,40.0,33.47,2008,target_rps40.00_iter02_rps33.47_lat.csv
5745,15999315,6188340.873099108,6353247.0,11752594.399999999,12222916.860000001,3347740.755237254,40.0,31.78,1907,target_rps40.00_iter03_rps31.78_lat.csv
