min,max,average,median,p95,p99,std,target_rps,throughput_rps,total_requests,filename
3753,382222,15065.901666666667,6041.0,82501.05,186033.60999999993,36419.49304409197,20.0,20.0,1200,target_rps20.00_iter01_rps20.00_lat.csv
4250,464733,19362.199166666665,6125.0,114027.5,313906.71,52677.49779299664,20.0,20.0,1200,target_rps20.00_iter02_rps20.00_lat.csv
4098,208526,10767.061666666666,6258.5,18023.599999999955,111483.28,20404.880474154474,20.0,20.0,1200,target_rps20.00_iter03_rps20.00_lat.csv
5031,9521967,4231098.968332509,3677126.0,8647904.0,9324391.0,2373033.9277849756,40.0,33.68,2021,target_rps40.00_iter01_rps33.68_lat.csv
4639,10771564,5925283.413286004,6286000.5,10326457.649999999,10676960.51,3122346.689576758,40.0,32.87,1972,target_rps40.00_iter02_rps32.87_lat.csv
4983,8936724,4764732.326640548,4595695.0,8660775.55,8835845.13,2471626.9224462803,40.0,34.03,2042,target_rps40.00_iter03_rps34.03_lat.csv
