rps,duration,test_title,iterations,avg_total_requests,std_total_requests,min_total_requests,max_total_requests,avg_min,std_min,min_min,max_min,avg_max,std_max,min_max,max_max,avg_average,std_average,min_average,max_average,avg_median,std_median,min_median,max_median,avg_p95,std_p95,min_p95,max_p95,avg_p99,std_p99,min_p99,max_p99,avg_throughput_rps,std_throughput_rps,min_throughput_rps,max_throughput_rps,total_requests,min,max,average,median,p95,p99,throughput_rps
20,60,fibonacci_go_a3,3,1200.0,0.0,1200,1200,4033.6666666666665,254.669066306321,3753,4250,351827.0,130779.9630333332,208526,464733,15065.054166666667,4297.5688126740615,10767.061666666666,19362.199166666665,6141.5,109.68477560719172,6041.0,6258.5,71517.38333333332,48935.34411737426,18023.599999999955,114027.5,203807.86666666667,102375.55569217016,111483.28,313906.71,20.0,0.0,20.0,20.0,1200.0,4033.6666666666665,351827.0,15065.054166666667,6141.5,71517.38333333332,203807.86666666667,20.0
40,60,fibonacci_go_a3,3,2011.6666666666667,35.92121007612819,1972,2042,4884.333333333333,213.81612037761167,4639,5031,9743418.333333334,937251.2876365299,8936724,10771564,4973704.902753021,866208.6276157195,4231098.968332509,5925283.413286004,4852940.5,1323324.5915648397,3677126.0,6286000.5,9211712.4,965419.1568940511,8647904.0,10326457.649999999,9612398.88,953749.3721228371,8835845.13,10676960.51,33.526666666666664,0.5950070027599134,32.87,34.03,2011.6666666666667,4884.333333333333,9743418.333333334,4973704.902753021,4852940.5,9211712.4,9612398.88,33.526666666666664
