series,config,num_pods,vcpu_per_pod,total_vcpu,avg_instance_cost,avg_request_cost,multi_pod_penalty_pct
C,C1,1,2.0,2.0,0.00018155816735583103,0.00119827234853019,0
C,C2,2,1.0,2.0,0.00018145715553571007,0.0006178001610839494,0
C,C3,4,0.5,2.0,0.0001822160671943714,0.00051663779622348,0
C,C4,8,0.25,2.0,0.00018259904841988424,0.000461713580979508,0
C,C5,10,0.2,2.0,0.00018671175495812317,0.0004731771086409772,0
