min,max,average,median,p95,p99,std,target_rps,throughput_rps,total_requests,filename
4115,316790,11569.473333333333,6176.0,19471.79999999999,165353.36,26053.717236496002,20.0,20.0,1200,target_rps20.00_iter01_rps20.00_lat.csv
4274,366495,10016.791666666666,6027.0,17699.299999999992,117901.47999999998,24062.11041021265,20.0,20.0,1200,target_rps20.00_iter02_rps20.00_lat.csv
4226,282655,11113.15,6120.5,31080.749999999985,137352.11,23748.12126430566,20.0,20.0,1200,target_rps20.00_iter03_rps20.00_lat.csv
6404,11268608,6750992.678296562,8097602.0,10843086.6,11019798.32,3486636.086125761,40.0,32.48,1949,target_rps40.00_iter01_rps32.48_lat.csv
4280,8765557,3948238.4062347785,3588881.0,8344757.8,8635401.64,2829105.4965359406,40.0,34.22,2053,target_rps40.00_iter02_rps34.22_lat.csv
4578,15406569,5074195.7748377435,5005352.0,9232186.9,9930839.44,2663984.044301664,40.0,33.38,2003,target_rps40.00_iter03_rps33.38_lat.csv
