rps,duration,test_title,iterations,avg_total_requests,std_total_requests,min_total_requests,max_total_requests,avg_min,std_min,min_min,max_min,avg_max,std_max,min_max,max_max,avg_average,std_average,min_average,max_average,avg_median,std_median,min_median,max_median,avg_p95,std_p95,min_p95,max_p95,avg_p99,std_p99,min_p99,max_p99,avg_throughput_rps,std_throughput_rps,min_throughput_rps,max_throughput_rps,total_requests,min,max,average,median,p95,p99,throughput_rps
20,60,fibonacci_go_a4,3,1200.0,0.0,1200,1200,4054.3333333333335,211.9724824908491,3851,4274,422621.3333333333,139292.69027602754,266634,534577,14319.037777777776,3688.806583721136,10455.7925,17804.3,6144.5,91.8313671900838,6048.5,6231.5,40420.499999999985,26074.853315550983,16753.74999999998,68372.54999999999,238930.32333333316,104610.03273893034,119419.32999999961,313887.82,20.0,0.0,20.0,20.0,1200.0,4054.3333333333335,422621.3333333333,14319.037777777776,6144.5,40420.499999999985,238930.32333333316,20.0
40,60,fibonacci_go_a4,3,2007.0,59.57348403442592,1939,2050,4429.333333333333,176.18550829547058,4300,4630,13032369.0,7105306.477713611,8702304,21232572,4500116.636952338,1605597.1135007257,3338462.4546341463,6332287.710159876,4110861.5,1889553.1751225605,2783310.0,6274176.0,9357751.316666665,1853285.8672725619,7855033.899999999,11428598.1,9786366.636666669,1614456.0039441572,8617833.02,11628554.38,33.453333333333326,0.9928914005737652,32.32,34.17,2007.0,4429.333333333333,13032369.0,4500116.636952338,4110861.5,9357751.316666665,9786366.636666669,33.453333333333326
