min,max,average,median,p95,p99,std,target_rps,throughput_rps,total_requests,filename
4274,466653,17804.3,6153.5,68372.54999999999,313887.82,50101.67566098297,20.0,20.0,1200,target_rps20.00_iter01_rps20.00_lat.csv
4038,534577,14697.020833333334,6048.5,36135.19999999999,283483.81999999995,45126.133582294264,20.0,20.0,1200,target_rps20.00_iter02_rps20.00_lat.csv
3851,266634,10455.7925,6231.5,16753.74999999998,119419.32999999961,22640.820343819487,20.0,20.0,1200,target_rps20.00_iter03_rps20.00_lat.csv
4630,8702304,3338462.4546341463,2783310.0,7855033.899999999,8617833.02,2140615.272477919,40.0,34.17,2050,target_rps40.00_iter01_rps34.17_lat.csv
4300,9162231,3829599.746062992,3275098.5,8789621.95,9112712.51,2821662.6688910224,40.0,33.87,2032,target_rps40.00_iter02_rps33.87_lat.csv
4358,21232572,6332287.710159876,6274176.0,11428598.1,11628554.38,3360197.040575894,40.0,32.32,1939,target_rps40.00_iter03_rps32.32_lat.csv
