rps,duration,test_title,iterations,avg_total_requests,std_total_requests,min_total_requests,max_total_requests,avg_min,std_min,min_min,max_min,avg_max,std_max,min_max,max_max,avg_average,std_average,min_average,max_average,avg_median,std_median,min_median,max_median,avg_p95,std_p95,min_p95,max_p95,avg_p99,std_p99,min_p99,max_p99,avg_throughput_rps,std_throughput_rps,min_throughput_rps,max_throughput_rps,total_requests,min,max,average,median,p95,p99,throughput_rps
20,60,fibonacci_nodejs_a2,3,1200.0,0.0,1200,1200,4888.0,99.98499887483122,4805,4999,412381.0,130613.12600194514,329593,562951,15833.377777777778,4716.7796751602045,11792.36,21016.265833333335,7082.333333333333,186.95476279927541,6931.5,7291.5,47582.36666666664,18209.492512171564,30829.549999999996,66962.99999999994,245320.95333333334,148346.0948982144,129374.99,412490.83999999997,20.0,0.0,20.0,20.0,1200.0,4888.0,412381.0,15833.377777777778,7082.333333333333,47582.36666666664,245320.95333333334,20.0
40,60,fibonacci_nodejs_a2,3,1903.6666666666667,78.13663246732183,1823,1979,5141.333333333333,707.450587202621,4577,5935,12439285.333333334,1968254.9811557275,10543838,14473051,5848386.685542618,757923.2428241284,5306281.225366347,6714451.091607241,5667074.0,384888.852874437,5355167.0,6097208.0,11646532.399999997,1794799.011109334,9885426.1,13473226.099999985,12276998.913333332,1953100.5898506625,10371062.32,14274072.66,31.726666666666663,1.3025103966315703,30.38,32.98,1903.6666666666667,5141.333333333333,12439285.333333334,5848386.685542618,5667074.0,11646532.399999997,12276998.913333332,31.726666666666663
