series,config,num_pods,vcpu_per_pod,total_vcpu,avg_instance_cost,avg_request_cost,multi_pod_penalty_pct
B,B1,1,1.0,1.0,9.964319267436521e-05,0.01734496460872419,0
B,B2,2,0.5,1.0,0.00010331262620677112,0.0011286648497342842,0
B,B3,4,0.25,1.0,0.00010587305813477009,0.0008634960722068127,0
B,B4,8,0.125,1.0,0.00010778201816312993,0.0007815135015684161,0
B,B5,10,0.1,1.0,0.0001056475839793022,0.0008066659461518111,0
