min,max,average,median,p95,p99,std,target_rps,throughput_rps,total_requests,filename
4606,567455,21124.735833333332,6812.0,79386.74999999978,379035.6799999997,63102.98282359069,20.0,20.0,1200,target_rps20.00_iter01_rps20.00_lat.csv
4524,320964,13452.5375,6860.5,24545.749999999993,180498.02999999962,31545.55576651953,20.0,20.0,1200,target_rps20.00_iter02_rps20.00_lat.csv
4559,219813,10094.505833333333,6599.0,19840.649999999994,122902.67,18442.35170867947,20.0,20.0,1200,target_rps20.00_iter03_rps20.00_lat.csv
6511,11281295,5704572.844102564,5107664.5,10332904.8,11113098.31,3114365.1646194826,40.0,32.5,1950,target_rps40.00_iter01_rps32.50_lat.csv
6286,11171604,5530957.526100307,5846481.0,10192945.45,10596300.11,3349943.5828723977,40.0,32.57,1954,target_rps40.00_iter02_rps32.57_lat.csv
5147,13768371,7187051.428957321,7966365.0,12892723.5,13559508.5,4101396.2027101875,40.0,30.85,1851,target_rps40.00_iter03_rps30.85_lat.csv
