min,max,average,median,p95,p99,std,target_rps,throughput_rps,total_requests,filename
4523,927906,25464.869166666667,7368.0,121594.04999999999,445409.3299999997,79242.19681058223,20.0,20.0,1200,target_rps20.00_iter01_rps20.00_lat.csv
4914,319246,12885.813333333334,6793.0,24894.29999999999,173120.30999999997,29079.259243777553,20.0,20.0,1200,target_rps20.00_iter02_rps20.00_lat.csv
4700,422813,15410.851666666667,6776.0,30340.05,232108.30999999962,41155.21860312894,20.0,20.0,1200,target_rps20.00_iter03_rps20.00_lat.csv
7160,11108695,6142575.733027055,5987749.0,10362469.8,10940610.040000001,2774628.169620839,40.0,32.65,1959,target_rps40.00_iter01_rps32.65_lat.csv
4789,12472848,6038352.3357740585,5749776.5,12123395.15,12372071.86,3590233.383436723,40.0,31.87,1912,target_rps40.00_iter02_rps31.87_lat.csv
6061,11096886,5623708.946529563,5823782.0,10382194.4,10989860.6,3132698.8075919505,40.0,32.42,1945,target_rps40.00_iter03_rps32.42_lat.csv
