rps,duration,test_title,iterations,avg_total_requests,std_total_requests,min_total_requests,max_total_requests,avg_min,std_min,min_min,max_min,avg_max,std_max,min_max,max_max,avg_average,std_average,min_average,max_average,avg_median,std_median,min_median,max_median,avg_p95,std_p95,min_p95,max_p95,avg_p99,std_p99,min_p99,max_p99,avg_throughput_rps,std_throughput_rps,min_throughput_rps,max_throughput_rps,total_requests,min,max,average,median,p95,p99,throughput_rps
20,60,fibonacci_python_a3,3,1200.0,0.0,1200,1200,4712.333333333333,195.79155582744966,4523,4914,556655.0,325656.27527041454,319246,927906,17920.51138888889,6654.468825949802,12885.813333333334,25464.869166666667,6979.0,336.99109780526845,6776.0,7368.0,58942.79999999999,54325.853819222204,24894.29999999999,121594.04999999999,283545.9833333331,143247.00095150372,173120.30999999997,445409.3299999997,20.0,0.0,20.0,20.0,1200.0,4712.333333333333,556655.0,17920.51138888889,6979.0,58942.79999999999,283545.9833333331,20.0
40,60,fibonacci_python_a3,3,1938.6666666666667,24.13158373031769,1912,1959,6003.333333333333,1186.551445717097,4789,7160,11559476.333333334,791025.1034084401,11096886,12472848,5934879.005110226,274473.55637940567,5623708.946529563,6142575.733027055,5853769.166666667,121787.31589366494,5749776.5,5987749.0,10956019.783333333,1011024.826592498,10362469.8,12123395.15,11434180.833333334,812610.6619048683,10940610.040000001,12372071.86,32.31333333333333,0.40079088479322056,31.87,32.65,1938.6666666666667,6003.333333333333,11559476.333333334,5934879.005110226,5853769.166666667,10956019.783333333,11434180.833333334,32.31333333333333
