rps,duration,test_title,iterations,avg_total_requests,std_total_requests,min_total_requests,max_total_requests,avg_min,std_min,min_min,max_min,avg_max,std_max,min_max,max_max,avg_average,std_average,min_average,max_average,avg_median,std_median,min_median,max_median,avg_p95,std_p95,min_p95,max_p95,avg_p99,std_p99,min_p99,max_p99,avg_throughput_rps,std_throughput_rps,min_throughput_rps,max_throughput_rps,total_requests,min,max,average,median,p95,p99,throughput_rps
20,60,fibonacci_go_a1,3,1200.0,0.0,1200,1200,3961.6666666666665,230.18543249591912,3789,4223,591104.6666666666,517785.90469646174,246493,1186535,32609.3125,37424.51914068354,10457.883333333333,75818.81416666666,6163.166666666667,223.72322931097997,6034.0,6421.5,193853.4999999994,262262.1729660359,37969.149999999994,496643.3999999981,426501.2833333332,533706.4865919792,89600.84,1041847.6699999996,20.0,0.0,20.0,20.0,1200.0,3961.6666666666665,591104.6666666666,32609.3125,6163.166666666667,193853.4999999994,426501.2833333332,20.0
40,60,fibonacci_go_a1,3,1939.3333333333333,36.555893277737496,1907,1979,4723.0,364.43929535657924,4419,5127,12870786.0,1360127.6408293452,11753144,14385172,5665080.929286897,950028.1135830252,4825288.794340576,6696217.7792344,5762049.833333333,2009553.904145789,3956058.0,7926831.0,11182193.483333332,911229.9728987049,10236596.3,12054647.6,11444349.170000002,1033152.2488263441,10330590.22,12371443.88,32.32,0.6089334939055306,31.78,32.98,1939.3333333333333,4723.0,12870786.0,5665080.929286897,5762049.833333333,11182193.483333332,11444349.170000002,32.32
