min,max,average,median,p95,p99,std,target_rps,throughput_rps,total_requests,filename
3789,1186535,75818.81416666666,6421.5,496643.3999999981,1041847.6699999996,205726.44461379523,20.0,20.0,1200,target_rps20.00_iter01_rps20.00_lat.csv
3873,246493,11551.24,6034.0,46947.95,148055.34,23203.958388582472,20.0,20.0,1200,target_rps20.00_iter02_rps20.00_lat.csv
4223,340286,10457.883333333333,6034.0,37969.149999999994,89600.84,21404.630442026373,20.0,20.0,1200,target_rps20.00_iter03_rps20.00_lat.csv
4623,14385172,4825288.794340576,3956058.0,10236596.3,10330590.22,3354551.4718670873,40.0,32.98,1979,target_rps40.00_iter01_rps32.98_lat.csv
4419,12474042,6696217.7792344,7926831.0,12054647.6,12371443.88,3430227.528864255,40.0,31.78,1907,target_rps40.00_iter02_rps31.78_lat.csv
5127,11753144,5473736.214285715,5403260.5,11255336.549999999,11631013.41,3509198.7747725756,40.0,32.2,1932,target_rps40.00_iter03_rps32.20_lat.csv
