series,config,num_pods,vcpu_per_pod,total_vcpu,avg_instance_cost,avg_request_cost,multi_pod_penalty_pct
A,A1,1,1.0,1.0,0.00019257598295923344,0.2995216457884909,0
A,A2,1,0.5,0.5,9.383526048254441e-05,0.1689416565640839,0
A,A3,1,0.25,0.25,4.908879606688958e-05,0.07666877338276248,0
A,A4,1,0.125,0.125,2.5633277712126878e-05,0.046442858550478125,0
A,A5,1,0.1,0.1,2.2105480831085447e-05,0.03717366212177443,0
