min,max,average,median,p95,p99,std,target_rps,throughput_rps,total_requests,filename
5087,1195971,58085.005833333336,7279.5,352136.39999999816,1045891.26,184365.53992851396,20.0,20.0,1200,target_rps20.00_iter01_rps20.00_lat.csv
4728,181431,10335.3,6982.0,22031.549999999952,86136.13,16491.154199398337,20.0,20.0,1200,target_rps20.00_iter02_rps20.00_lat.csv
4734,208640,9391.3225,6882.0,12531.09999999999,107728.12999999999,15090.314815088974,20.0,20.0,1200,target_rps20.00_iter03_rps20.00_lat.csv
5591,11404616,5237008.941842511,3830584.0,10912789.1,11307642.879999999,3258310.823499123,40.0,32.38,1943,target_rps40.00_iter01_rps32.38_lat.csv
5605,12233891,6120317.205235602,6941967.0,11074782.249999998,12090693.19,3396576.1269125436,40.0,31.83,1910,target_rps40.00_iter02_rps31.83_lat.csv
4933,17502656,6486326.721302723,6477045.0,12422193.6,13049620.16,3777122.6829903983,40.0,31.22,1873,target_rps40.00_iter03_rps31.22_lat.csv
