rps,duration,test_title,iterations,avg_total_requests,std_total_requests,min_total_requests,max_total_requests,avg_min,std_min,min_min,max_min,avg_max,std_max,min_max,max_max,avg_average,std_average,min_average,max_average,avg_median,std_median,min_median,max_median,avg_p95,std_p95,min_p95,max_p95,avg_p99,std_p99,min_p99,max_p99,avg_throughput_rps,std_throughput_rps,min_throughput_rps,max_throughput_rps,total_requests,min,max,average,median,p95,p99,throughput_rps
20,60,fibonacci_python_a1,3,1200.0,0.0,1200,1200,4865.666666666667,230.07462557468898,4600,4999,635668.0,387523.2831676053,301401,1060432,26392.18138888889,12638.268939050238,12678.899166666666,37571.4675,6896.5,78.18407766291037,6814.0,6969.5,152868.93333333332,89081.0615006121,50718.799999999974,214405.75,389263.6066666665,212963.09761447678,152925.11,566266.2399999996,20.0,0.0,20.0,20.0,1200.0,4865.666666666667,635668.0,26392.18138888889,6896.5,152868.93333333332,389263.6066666665,20.0
40,60,fibonacci_python_a1,3,1877.6666666666667,61.09282554714042,1809,1926,5257.333333333333,320.15204721090464,4954,5592,13097858.333333334,1568075.301841826,11882869,14867984,6372944.5055721,1181463.7503950102,5387557.340083074,7682715.620784964,6058122.833333333,2233714.2956040916,4509835.0,8618767.0,12639558.549999999,1544762.8138789975,11518838.25,14401701.4,13018106.423333332,1573361.3045126267,11794055.25,14792775.48,31.293333333333333,1.0176607162180014,30.15,32.1,1877.6666666666667,5257.333333333333,13097858.333333334,6372944.5055721,6058122.833333333,12639558.549999999,13018106.423333332,31.293333333333333
