min,max,average,median,p95,p99,std,throughput_rps,target_rps,total_requests,filename
4961,565450,27983.727879799666,7711.5,159614.0,363692.48999999993,66681.28164997691,19.966666666666665,19.966666666666665,1198,target_rps20.00_iter01_rps19.97_lat.csv
4509,317709,11700.674166666666,7190.0,16888.99999999999,162890.74,25801.550255194605,20.0,20.0,1200,target_rps20.00_iter02_rps20.00_lat.csv
4745,359709,13337.285833333333,6994.0,25438.749999999938,167187.44,30770.50042422882,20.0,20.0,1200,target_rps20.00_iter03_rps20.00_lat.csv
5353,10720428,5637990.967105263,5857972.5,10491733.75,10612527.0,3123897.5690207137,32.93333333333333,32.93333333333333,1976,target_rps40.00_iter01_rps32.93_lat.csv
5095,19975481,6516953.35046729,7018095.0,11482398.75,11783732.0,3555342.351837049,32.1,32.1,1926,target_rps40.00_iter02_rps32.10_lat.csv
6852,12082976,6237401.57455683,5772087.5,11357327.75,11961758.17,3361501.182488745,31.966666666666665,31.966666666666665,1918,target_rps40.00_iter03_rps31.97_lat.csv
