min,max,average,median,p95,p99,std,target_rps,throughput_rps,total_requests,filename
4998,1060432,37571.4675,6906.0,214405.75,566266.2399999996,110099.77340207808,20.0,20.0,1200,target_rps20.00_iter01_rps20.00_lat.csv
4600,301401,12678.899166666666,6814.0,50718.799999999974,152925.11,26617.243920699213,20.0,20.0,1200,target_rps20.00_iter02_rps20.00_lat.csv
4999,545171,28926.1775,6969.5,193482.24999999997,448599.47,79632.95058715327,20.0,20.0,1200,target_rps20.00_iter03_rps20.00_lat.csv
5592,11882869,5387557.340083074,4509835.0,11518838.25,11794055.25,3619743.6566547123,40.0,32.1,1926,target_rps40.00_iter01_rps32.10_lat.csv
5226,14867984,7682715.620784964,8618767.0,14401701.4,14792775.48,4672636.700887659,40.0,30.15,1809,target_rps40.00_iter02_rps30.15_lat.csv
4954,12542722,6048560.555848261,5045766.5,11998136.0,12467488.54,3806274.0926008592,40.0,31.63,1898,target_rps40.00_iter03_rps31.63_lat.csv
