rps,duration,test_title,iterations,avg_total_requests,std_total_requests,min_total_requests,max_total_requests,avg_min,std_min,min_min,max_min,avg_max,std_max,min_max,max_max,avg_average,std_average,min_average,max_average,avg_median,std_median,min_median,max_median,avg_p95,std_p95,min_p95,max_p95,avg_p99,std_p99,min_p99,max_p99,avg_throughput_rps,std_throughput_rps,min_throughput_rps,max_throughput_rps,total_requests,min,max,average,median,p95,p99,throughput_rps
20,60,fibonacci_python_a1,3,1199.3333333333333,1.1547005383792515,1198,1200,4738.333333333333,226.07373428448813,4509,4961,414289.3333333333,132582.65482457852,317709,565450,17673.895959933223,8965.996882599844,11700.674166666666,27983.727879799666,7298.5,370.85138532840887,6994.0,7711.5,67313.91666666664,80048.44529265285,16888.99999999999,159614.0,231256.88999999998,114712.71297568762,162890.74,363692.48999999993,19.98888888888889,0.019245008972988482,19.966666666666665,20.0,1199.3333333333333,4738.333333333333,414289.3333333333,17673.895959933223,7298.5,67313.91666666664,231256.88999999998,19.98888888888889
40,60,fibonacci_python_a1,3,1940.0,31.432467291003423,1918,1976,5766.666666666667,948.7372309197807,5095,6852,14259628.333333334,4996735.238468847,10720428,19975481,6130781.964043128,449076.300700598,5637990.967105263,6516953.35046729,6216051.666666667,695916.0795056997,5772087.5,7018095.0,11110486.75,539492.4883786613,10491733.75,11482398.75,11452672.39,733011.9620817291,10612527.0,11961758.17,32.333333333333336,0.5238744548500553,31.966666666666665,32.93333333333333,1940.0,5766.666666666667,14259628.333333334,6130781.964043128,6216051.666666667,11110486.75,11452672.39,32.333333333333336
